timestamp,encoding,num_codebooks,nb_subspaces,codebook_size,uniqueness_ratio,correlation_hierarchical,correlation_full,ranking_preservation_hierarchical,ranking_preservation_full,ranking_preservation_mix,agreement_query_pos_hierarchical,agreement_query_pos_full,agreement_query_pos_hierarchical_no_ties,agreement_query_pos_full_no_ties,r_hierarchical,r_full,r_hierarchical_rand,r_full_rand,r_hierarchical_norm,r_full_norm,mean_entropy,mean_gini,mean_hierarchical_shared_sim,mean_full_shared_sim,mean_mix_shared_sim,robustness_mean_hierarchical_similarity,robustness_mean_full_similarity,nb_pairs,nb_triplets,nb_robustness_docs,seed
2026-05-21 17:24:01,pq,1,4,512,0.4150,,,0.9520,0.9380,0.9380,,,,,,,,,,,0.9905,0.1901,0.68916875,0.68802273,0.68871194,,,10000,1000,500,42
2026-05-13 20:10:32,pq,1,8,128,0.7949,0.1289,0.2690,0.8660,0.8190,0.8190,0.7013,0.9368,0.9872,0.9911,0.9111,0.3817,0.1429,0.1250,0.8963,0.2934,0.9920,0.1461,0.7120,0.7101,0.7101,0.1817,0.5137,10000,1000,100,42
2026-05-13 19:23:07,pq,1,8,256,0.8138,0.0980,0.2274,0.8980,0.8660,0.8660,0.6931,0.9310,0.9934,0.9948,0.8577,0.3686,0.1429,0.1250,0.8340,0.2784,0.9928,0.1518,0.7384,0.7369,0.7369,0.2146,0.5219,10000,1000,100,42
2026-05-13 18:32:43,pq,1,8,512,0.8218,0.0771,0.2036,0.9250,0.9010,0.9010,0.6926,0.9236,0.9967,0.9970,0.8708,0.3619,0.1429,0.1250,0.8493,0.2708,0.9933,0.1581,0.7608,0.7593,0.7593,0.2198,0.5316,10000,1000,100,42
2026-05-13 20:55:02,pq,1,16,128,0.9745,0.1224,0.3050,0.7760,0.7580,0.7580,0.6433,0.9632,0.9808,0.9921,0.4618,0.2694,0.0667,0.0625,0.4234,0.2207,0.9958,0.0963,0.8455,0.8461,0.8461,0.0645,0.4312,10000,1000,100,42
2026-05-13 20:01:00,pq,1,16,256,0.9731,0.0938,0.2570,0.8370,0.8100,0.8100,0.6342,0.9566,0.9891,0.9945,0.4285,0.2516,0.0667,0.0625,0.3876,0.2017,0.9960,0.1051,0.8629,0.8623,0.8623,0.0541,0.3964,10000,1000,100,42
2026-05-13 18:37:09,pq,1,16,512,0.9708,0.0846,0.2137,0.8630,0.8290,0.8290,0.6291,0.9471,0.9943,0.9962,0.4079,0.2378,0.0667,0.0625,0.3656,0.1870,0.9968,0.1060,0.8724,0.8731,0.8731,0.0536,0.3744,10000,1000,100,42
2026-05-13 21:24:43,pq,1,24,128,0.9801,0.0718,0.2946,0.7180,0.7140,0.7140,0.6100,0.9719,0.9732,0.9919,0.3214,0.2133,0.0435,0.0417,0.2905,0.1791,0.9980,0.0676,0.9217,0.9216,0.9216,0.0001,0.0022,10000,1000,100,42
2026-05-13 20:18:56,pq,1,24,256,0.9794,0.0899,0.2562,0.7540,0.7180,0.7180,0.5994,0.9646,0.9844,0.9939,0.2777,0.1881,0.0435,0.0417,0.2449,0.1528,0.9978,0.0741,0.9322,0.9310,0.9310,0.0261,0.3424,10000,1000,100,42
2026-05-13 18:50:51,pq,1,24,512,0.9790,0.0356,0.2047,0.7650,0.7630,0.7630,0.5893,0.9550,0.9917,0.9957,0.2437,0.1690,0.0435,0.0417,0.2093,0.1328,0.9982,0.0762,0.9385,0.9382,0.9382,0.0353,0.3287,10000,1000,100,42
2026-05-21 12:45:53,rq-kmeans,4,1,512,0.5295,,,0.9320,0.5190,0.9320,,,,,,,,,,,0.6153,0.7837,0.6592637,0.6301694,0.6629877,,,10000,1000,500,42
2026-05-13 19:47:54,rq-kmeans,8,1,128,0.9760,0.1797,0.1720,0.9060,0.6080,0.9060,0.7597,0.9048,0.9910,0.9699,1.3487,0.3751,0.1429,0.1250,1.4068,0.2858,0.7685,0.5333,0.8028,0.7751,0.8028,0.2668,0.4658,10000,1000,100,42
2026-05-13 19:02:31,rq-kmeans,8,1,256,0.9777,0.1474,0.1477,0.9390,0.6110,0.9390,0.7581,0.9031,0.9932,0.9584,0.8836,0.3046,0.1429,0.1250,0.8642,0.2053,0.7443,0.6537,0.8186,0.7840,0.8186,0.1896,0.4328,10000,1000,100,42
2026-05-13 18:13:23,rq-kmeans,8,1,512,0.9760,0.1287,0.1295,0.9400,0.5830,0.9400,0.7534,0.8779,0.9946,0.9331,1.0414,0.3547,0.1429,0.1250,1.0483,0.2625,0.6716,0.7255,0.8125,0.7582,0.8125,0.2786,0.5153,10000,1000,100,42
2026-05-13 20:24:34,rq-kmeans,16,1,128,0.9807,0.1797,0.1697,0.8990,0.5750,0.8990,0.7597,0.9391,0.9910,0.9718,1.3489,0.2829,0.0667,0.0625,1.3738,0.2351,0.8145,0.5020,0.9005,0.8831,0.9005,0.1339,0.3663,10000,1000,100,42
2026-05-13 19:26:52,rq-kmeans,16,1,256,0.9809,0.1474,0.1546,0.9310,0.5830,0.9310,0.7581,0.9349,0.9932,0.9671,0.8837,0.2339,0.0667,0.0625,0.8754,0.1828,0.8242,0.5129,0.9088,0.8891,0.9088,0.0948,0.3462,10000,1000,100,42
2026-05-13 18:22:36,rq-kmeans,16,1,512,0.9807,0.1287,0.1584,0.9440,0.5790,0.9440,0.7534,0.9204,0.9946,0.9497,1.0418,0.3052,0.0667,0.0625,1.0448,0.2589,0.7279,0.6620,0.9048,0.8573,0.9048,0.1430,0.4527,10000,1000,100,42
2026-05-13 21:07:27,rq-kmeans,24,1,128,0.9811,0.1797,0.1513,0.9060,0.5370,0.9060,0.7597,0.9444,0.9910,0.9666,1.3489,0.2567,0.0435,0.0417,1.3647,0.2244,0.7937,0.5445,0.9337,0.9146,0.9337,0.0893,0.3377,10000,1000,100,42
2026-05-13 19:58:58,rq-kmeans,24,1,256,0.9813,0.1474,0.1636,0.9280,0.5830,0.9280,0.7581,0.9460,0.9932,0.9695,0.8837,0.2011,0.0435,0.0417,0.8784,0.1664,0.8447,0.4846,0.9392,0.9241,0.9392,0.0632,0.3031,10000,1000,100,42
2026-05-13 18:40:17,rq-kmeans,24,1,512,0.9811,0.1287,0.1766,0.9320,0.5720,0.9320,0.7534,0.9408,0.9946,0.9592,1.0418,0.2861,0.0435,0.0417,1.0437,0.2550,0.7507,0.6330,0.9365,0.8973,0.9365,0.0953,0.4301,10000,1000,100,42
2026-05-21 12:50:04,rq-module,4,1,512,0.9494,,,0.9540,0.8080,0.9540,,,,,,,,,,,0.9691,0.3381,0.79996246,0.77191055,0.7971272,,,10000,1000,500,42
2026-05-18 11:36:23,rq-module,8,1,128,0.9780,0.1744,0.2076,0.9160,0.6630,0.9160,0.7681,0.9521,0.9923,0.9931,0.9308,0.2951,0.1429,0.1250,0.9193,0.1944,0.9747,0.2638,0.8503,0.8324,0.8503,0.1754,0.3751,10000,1000,100,42
2026-05-18 11:45:11,rq-module,8,1,256,0.9787,0.1567,0.1662,0.9510,0.7350,0.9510,0.7555,0.9403,0.9954,0.9951,0.8441,0.2534,0.1429,0.1250,0.8181,0.1467,0.9778,0.2639,0.8747,0.8571,0.8747,0.1683,0.3399,10000,1000,100,42
2026-05-18 11:57:28,rq-module,8,1,512,0.9791,0.1057,0.1056,0.9510,0.7340,0.9510,0.7547,0.9240,0.9974,0.9964,0.8062,0.2184,0.1429,0.1250,0.7738,0.1068,0.9788,0.2645,0.8949,0.8780,0.8949,0.1548,0.3199,10000,1000,100,42
2026-05-18 14:48:18,rq-module,16,1,128,0.9803,0.1734,0.1767,0.9060,0.6530,0.9060,0.7636,0.9682,0.9918,0.9930,0.9154,0.2061,0.0667,0.0625,0.9093,0.1531,0.9799,0.2149,0.9252,0.9159,0.9252,0.0989,0.3020,10000,1000,100,42
2026-05-18 21:37:58,rq-module,16,1,256,0.9802,0.1521,0.1637,0.9540,0.6360,0.9540,0.7570,0.9573,0.9956,0.9946,0.8445,0.1670,0.0667,0.0625,0.8334,0.1115,0.9850,0.2061,0.9378,0.9287,0.9378,0.0854,0.2445,10000,1000,100,42
2026-05-18 21:59:14,rq-module,16,1,512,0.9803,0.1291,0.1043,0.9530,0.6770,0.9530,0.7536,0.9424,0.9974,0.9959,0.7960,0.1363,0.0667,0.0625,0.7814,0.0787,0.9865,0.2007,0.9473,0.9396,0.9473,0.0943,0.2341,10000,1000,100,42
2026-05-18 21:59:56,rq-module,24,1,128,0.9807,0.1840,0.1581,0.9450,0.5980,0.9450,0.7676,0.9719,0.9925,0.9918,0.9109,0.1602,0.0435,0.0417,0.9069,0.1236,0.9812,0.1918,0.9498,0.9438,0.9498,0.0497,0.2105,10000,1000,100,42
2026-05-18 21:59:57,rq-module,24,1,512,0.9811,0.1200,0.1057,0.9600,0.6360,0.9600,0.7577,0.9480,0.9974,0.9945,0.8112,0.1024,0.0435,0.0417,0.8026,0.0634,0.9784,0.2204,0.9652,0.9581,0.9652,0.0662,0.1767,10000,1000,100,42
2026-05-20 21:38:13,pq-rq,4,2,256,0.9729,,,0.9340,0.5600,0.9140,,,,,,,,,,,0.6512,0.7567,0.7710191,0.7463667,0.782326,,,10000,1000,500,42
2026-05-20 21:45:29,pq-rq,2,4,256,0.9673,,,0.9100,0.5770,0.9140,,,,,,,,,,,0.7867,0.6053,0.7621608,0.7552513,0.7479602,,,10000,1000,500,42
2026-05-20 21:48:00,pq-rq,2,8,256,0.9798,,,0.8590,0.5950,0.8550,,,,,,,,,,,0.8004,0.5550,0.8346636,0.8775498,0.8627951,,,10000,1000,500,42
2026-05-20 22:03:57,pq-rq,4,4,256,0.9805,,,0.9310,0.5820,0.9140,,,,,,,,,,,0.6497,0.7543,0.87701523,0.8608769,0.87092507,,,10000,1000,500,42
2026-05-20 21:59:32,pq-rq,8,2,256,0.9806,,,0.9260,0.5450,0.9290,,,,,,,,,,,0.7305,0.6725,0.88457257,0.87246513,0.89121115,,,10000,1000,500,42
2026-05-20 22:01:34,pq-rq,2,12,256,0.9805,,,0.8600,0.6780,0.8040,,,,,,,,,,,0.9558,0.3207,0.89163136,0.9384096,0.9228805,,,10000,1000,500,42
2026-05-20 22:58:56,pq-rq,6,4,256,0.9811,,,0.9140,0.5750,0.8940,,,,,,,,,,,0.6784,0.7483,0.9179959,0.912895,0.9160196,,,10000,1000,500,42
2026-05-20 23:08:08,pq-rq,4,6,256,0.9808,,,0.8790,0.5830,0.8670,,,,,,,,,,,0.6541,0.7387,0.8850028,0.90754527,0.8962412,,,10000,1000,500,42
2026-05-20 22:50:23,pq-rq,12,2,256,0.9811,,,0.9330,0.5930,0.9190,,,,,,,,,,,0.7795,0.5925,0.92303914,0.9145792,0.9271765,,,10000,1000,500,42
