encoding,num_codebooks,nb_subspaces,codebook_size,MRR@10,MRR,NDCG@10,NDCG@20,NDCG@100,MAP@20,P@1,P@10,P@20,P@100,R@1,R@10,R@100,R@1000,R@5,Hit@1,Hit@5,Hit@10,Hit@100,Hit@1000,MRR@10_best,MRR_best,NDCG@10_best,NDCG@20_best,NDCG@100_best,MAP@20_best,P@1_best,P@10_best,P@20_best,P@100_best,R@1_best,R@10_best,R@100_best,R@1000_best,R@5_best,Hit@1_best,Hit@5_best,Hit@10_best,Hit@100_best,Hit@1000_best,MRR@10_worst,MRR_worst,NDCG@10_worst,NDCG@20_worst,NDCG@100_worst,MAP@20_worst,P@1_worst,P@10_worst,P@20_worst,P@100_worst,R@1_worst,R@10_worst,R@100_worst,R@1000_worst,R@5_worst,Hit@1_worst,Hit@5_worst,Hit@10_worst,Hit@100_worst,Hit@1000_worst
pq, 1, 8, 128, 0.3941725,0.39761612,0.4232087,0.430475,0.439755,0.3961852,0.33508465,0.05148862,0.037693422,0.030999059,0.33508465,0.51488614,0.5948628,0.63864565,0.46818447,0.33508465,0.46818447,0.51488614,0.5948628,0.63864565,0.47448152,0.47642055,0.49891037,0.50337726,0.5075756,0.4757261,0.4232341,0.05755984,0.040174454,0.031209216,0.4232341,0.57559836,0.6158786,0.63864565,0.53765327,0.4232341,0.53765327,0.57559836,0.6158786,0.63864565,0.3774764,0.3808186,0.40664807,0.4136191,0.42207518,0.37940934,0.31523642,0.049795683,0.03678858,0.030771388,0.31523642,0.4979568,0.57209575,0.63864565,0.45826036,0.31523642,0.45826036,0.4979568,0.57209575,0.63864565
pq, 1, 8, 256, 0.41028038,0.41387615,0.4385729,0.44539928,0.45656,0.41217428,0.34967893,0.052656166,0.04016659,0.034744564,0.34967893,0.52656156,0.6141273,0.6462347,0.4938704,0.34967893,0.4938704,0.52656156,0.6141273,0.6462347,0.4776448,0.47981748,0.5012503,0.5060379,0.51124966,0.47899315,0.42615294,0.057443086,0.04215141,0.034820456,0.42615294,0.5744308,0.62171626,0.6462347,0.5487449,0.42615294,0.5487449,0.5744308,0.62171626,0.6462347,0.39572552,0.39931494,0.42331892,0.43017316,0.44024846,0.397641,0.33625218,0.05090485,0.039290935,0.034516893,0.33625218,0.50904846,0.5913602,0.6462347,0.47810858,0.33625218,0.47810858,0.50904846,0.5913602,0.6462347
pq, 1, 8, 512, 0.41824332,0.4221224,0.4510682,0.45876753,0.4708319,0.4204457,0.352014,0.055458266,0.042932853,0.03839507,0.352014,0.5545826,0.6497373,0.6538237,0.5067134,0.352014,0.5067134,0.5545826,0.6497373,0.6538237,0.48444504,0.48696497,0.51067406,0.51627976,0.5228198,0.48605865,0.43023935,0.059311155,0.04445066,0.03840091,0.43023935,0.5931115,0.65032107,0.6538237,0.55516636,0.43023935,0.55516636,0.5931115,0.65032107,0.6538237,0.40151364,0.40569708,0.433433,0.4421825,0.45477137,0.4039365,0.33741972,0.053415067,0.04214476,0.038278315,0.33741972,0.5341506,0.6380619,0.6538237,0.48744893,0.33741972,0.48744893,0.5341506,0.6380619,0.6538237
pq, 1, 16, 128, 0.45016217,0.45047602,0.48036543,0.4810793,0.4820151,0.45034495,0.38353765,0.057384707,0.055205178,0.05453591,0.38353765,0.57384706,0.58201987,0.58435494,0.5411559,0.38353765,0.5411559,0.57384706,0.58201987,0.58435494,0.458827,0.45907643,0.48805392,0.48877174,0.4891192,0.459013,0.3946293,0.057851724,0.055438686,0.05454759,0.3946293,0.5785172,0.5831874,0.58435494,0.5464098,0.3946293,0.5464098,0.5785172,0.5831874,0.58435494,0.4463343,0.44664994,0.47722754,0.4781015,0.47833997,0.44656798,0.37711617,0.057267953,0.05517599,0.054489207,0.37711617,0.5726795,0.57734966,0.58435494,0.5394046,0.37711617,0.5394046,0.5726795,0.57734966,0.58435494
pq, 1, 16, 256, 0.46142942,0.4619988,0.49313432,0.4942027,0.49596477,0.46174026,0.392878,0.0591944,0.056131665,0.055470794,0.392878,0.591944,0.6053707,0.60595447,0.55108,0.392878,0.55108,0.591944,0.6053707,0.60595447,0.4708842,0.4713067,0.50144446,0.50249285,0.50336695,0.47117844,0.4045534,0.05966142,0.056365173,0.055470794,0.4045534,0.5966141,0.6053707,0.60595447,0.55750144,0.4045534,0.55750144,0.5966141,0.6053707,0.60595447,0.45614883,0.45681626,0.48849458,0.4900177,0.49187413,0.4565906,0.38528895,0.058902517,0.056073286,0.055470794,0.38528895,0.5890251,0.6053707,0.60595447,0.5487449,0.38528895,0.5487449,0.5890251,0.6053707,0.60595447
pq, 1, 16, 512, 0.45647338,0.45692828,0.4901697,0.4910682,0.49240747,0.4567262,0.38528895,0.059544664,0.057172094,0.056691274,0.38528895,0.5954466,0.60595447,0.60595447,0.5504962,0.38528895,0.5504962,0.5954466,0.60595447,0.60595447,0.46391323,0.4642904,0.49638486,0.49742663,0.4981477,0.46420363,0.39521307,0.059778173,0.05731803,0.056691274,0.39521307,0.59778166,0.60595447,0.60595447,0.5545826,0.39521307,0.5545826,0.59778166,0.60595447,0.60595447,0.45029655,0.45091662,0.48472387,0.48618725,0.48773444,0.45069143,0.37594864,0.0591944,0.05711372,0.056691274,0.37594864,0.591944,0.60595447,0.60595447,0.5475773,0.37594864,0.5475773,0.591944,0.60595447,0.60595447
pq, 1, 24, 128, 0.43041795,0.43065402,0.46120274,0.461515,0.46242967,0.43051273,0.36077058,0.0556334,0.055285525,0.05530291,0.36077058,0.5563339,0.56217164,0.56217164,0.52305895,0.36077058,0.52305895,0.5563339,0.56217164,0.56217164,0.43261683,0.43281174,0.46299136,0.4631542,0.4640698,0.4326699,0.3642732,0.055691775,0.055285525,0.05530291,0.3642732,0.55691767,0.56217164,0.56217164,0.5236427,0.3642732,0.5236427,0.55691767,0.56217164,0.56217164,0.42920178,0.4294145,0.46030042,0.46046326,0.46149385,0.42925483,0.35843548,0.0556334,0.055256333,0.05530291,0.35843548,0.5563339,0.56217164,0.56217164,0.52305895,0.35843548,0.52305895,0.5563339,0.56217164,0.56217164
pq, 1, 24, 256, 0.4447516,0.4448869,0.47836408,0.4785174,0.47917587,0.44479653,0.37302977,0.058318745,0.05763923,0.057519354,0.37302977,0.5831874,0.5872738,0.5872738,0.54173964,0.37302977,0.54173964,0.5831874,0.5872738,0.5872738,0.44686294,0.44695333,0.48009732,0.48009732,0.48075578,0.44686294,0.37594864,0.05837712,0.05763923,0.057519354,0.37594864,0.58377117,0.5872738,0.5872738,0.5429072,0.37594864,0.5429072,0.58377117,0.5872738,0.5872738,0.4413463,0.44145495,0.47584125,0.47584125,0.47661552,0.4413463,0.3666083,0.058318745,0.057610042,0.057519354,0.3666083,0.5831874,0.5872738,0.5872738,0.54173964,0.3666083,0.54173964,0.5831874,0.5872738,0.5872738
pq, 1, 24, 512, 0.44955385,0.44965887,0.48272425,0.48301998,0.48322433,0.4496361,0.37536487,0.05855225,0.05810283,0.058038946,0.37536487,0.5855225,0.58785754,0.58785754,0.54991245,0.37536487,0.54991245,0.5855225,0.58785754,0.58785754,0.45161647,0.45173123,0.48427168,0.48458046,0.48478475,0.45170847,0.37886748,0.05855225,0.05810283,0.058038946,0.37886748,0.5855225,0.58785754,0.58785754,0.55108,0.37886748,0.55108,0.5855225,0.58785754,0.58785754,0.4463139,0.4464189,0.48029345,0.48058924,0.48079357,0.44639617,0.37011093,0.05855225,0.05810283,0.058038946,0.37011093,0.5855225,0.58785754,0.58785754,0.5493287,0.37011093,0.5493287,0.5855225,0.58785754,0.58785754
rq-kmeans, 8, 1, 128, 0.46424726,0.46440646,0.49953508,0.5000236,0.5000236,0.46440646,0.38937536,0.061004095,0.060493693,0.060493693,0.38937536,0.61004084,0.6117922,0.6117922,0.5610041,0.38937536,0.5610041,0.61004084,0.6117922,0.6117922,0.46981928,0.4699254,0.5038169,0.50414264,0.50414264,0.4699254,0.39929947,0.061062466,0.060493693,0.060493693,0.39929947,0.6106246,0.6117922,0.6117922,0.56158787,0.39929947,0.56158787,0.6106246,0.6117922,0.6117922,0.46040154,0.46061385,0.49653408,0.49718544,0.49718544,0.46061385,0.38295388,0.060945716,0.060493693,0.060493693,0.38295388,0.6094571,0.6117922,0.6117922,0.56042033,0.38295388,0.56042033,0.6094571,0.6117922,0.6117922
rq-kmeans, 8, 1, 256, 0.45749453,0.4576493,0.49333772,0.49382117,0.49382117,0.4576493,0.37769994,0.06042032,0.06026023,0.06026023,0.37769994,0.60420316,0.60595447,0.60595447,0.5650905,0.37769994,0.5650905,0.60420316,0.60595447,0.60595447,0.46071684,0.46087167,0.49575832,0.49624175,0.49624175,0.46087167,0.38295388,0.06042032,0.06026023,0.06026023,0.38295388,0.60420316,0.60595447,0.60595447,0.5650905,0.38295388,0.5650905,0.60420316,0.60595447,0.60595447,0.45429674,0.45445153,0.49094978,0.4914332,0.4914332,0.45445153,0.37186223,0.06042032,0.06026023,0.06026023,0.37186223,0.60420316,0.60595447,0.60595447,0.5645067,0.37186223,0.5645067,0.60420316,0.60595447,0.60595447
rq-kmeans, 8, 1, 512, 0.43842188,0.43847492,0.4734599,0.47362277,0.47362277,0.43847492,0.36368942,0.058260366,0.05757869,0.05757869,0.36368942,0.58260363,0.5831874,0.5831874,0.5423234,0.36368942,0.5423234,0.58260363,0.5831874,0.5831874,0.44585523,0.44585523,0.47912705,0.47912705,0.47912705,0.44585523,0.3765324,0.058318745,0.05757869,0.05757869,0.3765324,0.5831874,0.5831874,0.5831874,0.5423234,0.3765324,0.5423234,0.5831874,0.5831874,0.5831874,0.43383858,0.43389162,0.47004646,0.47020927,0.47020927,0.43389162,0.35551664,0.058260366,0.05757869,0.05757869,0.35551664,0.58260363,0.5831874,0.5831874,0.5423234,0.35551664,0.5423234,0.58260363,0.5831874,0.5831874
rq-kmeans, 16, 1, 128, 0.47058997,0.47058997,0.50557804,0.50557804,0.50557804,0.47058997,0.39638063,0.061529487,0.06131326,0.06131326,0.39638063,0.6152948,0.6152948,0.6152948,0.5633392,0.39638063,0.5633392,0.6152948,0.6152948,0.6152948,0.47186294,0.47186294,0.5065247,0.5065247,0.5065247,0.47186294,0.3987157,0.061529487,0.06131326,0.06131326,0.3987157,0.6152948,0.6152948,0.6152948,0.5633392,0.3987157,0.5633392,0.6152948,0.6152948,0.6152948,0.4670283,0.4670283,0.50294167,0.50294167,0.50294167,0.4670283,0.38937536,0.061529487,0.06131326,0.06131326,0.38937536,0.6152948,0.6152948,0.6152948,0.5633392,0.38937536,0.5633392,0.6152948,0.6152948,0.6152948
rq-kmeans, 16, 1, 256, 0.44610798,0.44610798,0.48199347,0.48199347,0.48199347,0.44610798,0.3706947,0.059369534,0.059249237,0.059249237,0.3706947,0.5936953,0.5936953,0.5936953,0.55341506,0.3706947,0.55341506,0.5936953,0.5936953,0.5936953,0.44767514,0.44767514,0.4831576,0.4831576,0.4831576,0.44767514,0.37361354,0.059369534,0.059249237,0.059249237,0.37361354,0.5936953,0.5936953,0.5936953,0.55341506,0.37361354,0.55341506,0.5936953,0.5936953,0.5936953,0.44439557,0.44439557,0.48071218,0.48071218,0.48071218,0.44439557,0.36777583,0.059369534,0.059249237,0.059249237,0.36777583,0.5936953,0.5936953,0.5936953,0.55341506,0.36777583,0.55341506,0.5936953,0.5936953,0.5936953
rq-kmeans, 16, 1, 512, 0.46169257,0.46169257,0.49347135,0.49347135,0.49347135,0.46169257,0.39929947,0.059369534,0.059188005,0.059188005,0.39929947,0.5936953,0.5936953,0.5936953,0.54699355,0.39929947,0.54699355,0.5936953,0.5936953,0.5936953,0.46404713,0.46404713,0.49521288,0.49521288,0.49521288,0.46404713,0.40396965,0.059369534,0.059188005,0.059188005,0.40396965,0.5936953,0.5936953,0.5936953,0.5475773,0.40396965,0.5475773,0.5936953,0.5936953,0.5936953,0.4594256,0.4594256,0.49178472,0.49178472,0.49178472,0.4594256,0.39521307,0.059369534,0.059188005,0.059188005,0.39521307,0.5936953,0.5936953,0.5936953,0.54699355,0.39521307,0.54699355,0.5936953,0.5936953,0.5936953
rq-kmeans, 24, 1, 128, 0.4531195,0.45317253,0.48835006,0.48851287,0.48851287,0.45317253,0.38178635,0.059894923,0.059795864,0.059795864,0.38178635,0.5989492,0.59953296,0.59953296,0.5487449,0.38178635,0.5487449,0.5989492,0.59953296,0.59953296,0.4548416,0.45489466,0.48963854,0.48980135,0.48980135,0.45489466,0.3847052,0.059894923,0.059795864,0.059795864,0.3847052,0.5989492,0.59953296,0.59953296,0.5493287,0.3847052,0.5493287,0.5989492,0.59953296,0.59953296,0.4520615,0.45211458,0.48755145,0.4877143,0.4877143,0.45211458,0.380035,0.059894923,0.059795864,0.059795864,0.380035,0.5989492,0.59953296,0.59953296,0.54816115,0.380035,0.54816115,0.5989492,0.59953296,0.59953296
rq-kmeans, 24, 1, 256, 0.44363666,0.44363666,0.47817022,0.47817022,0.47817022,0.44363666,0.372446,0.058669005,0.058579672,0.058579672,0.372446,0.58669,0.58669,0.58669,0.5405721,0.372446,0.5405721,0.58669,0.58669,0.58669,0.44558254,0.44558254,0.47961584,0.47961584,0.47961584,0.44558254,0.37594864,0.058669005,0.058579672,0.058579672,0.37594864,0.58669,0.58669,0.58669,0.5405721,0.37594864,0.5405721,0.58669,0.58669,0.58669,0.44288677,0.44293985,0.47748372,0.4776466,0.4776466,0.44293985,0.37127846,0.05861063,0.058579672,0.058579672,0.37127846,0.58610624,0.58669,0.58669,0.5405721,0.37127846,0.5405721,0.58610624,0.58669,0.58669
rq-kmeans, 24, 1, 512, 0.44269708,0.44269708,0.47519484,0.47519484,0.47519484,0.44269708,0.3706947,0.05761822,0.057539497,0.057539497,0.3706947,0.5761821,0.5761821,0.5761821,0.53706944,0.3706947,0.53706944,0.5761821,0.5761821,0.5761821,0.44328085,0.44328085,0.47562578,0.47562578,0.47562578,0.44328085,0.37186223,0.05761822,0.057539497,0.057539497,0.37186223,0.5761821,0.5761821,0.5761821,0.53706944,0.37186223,0.53706944,0.5761821,0.5761821,0.5761821,0.44180197,0.44180197,0.47451675,0.47451675,0.47451675,0.44180197,0.36952713,0.05761822,0.057539497,0.057539497,0.36952713,0.5761821,0.5761821,0.5761821,0.5364857,0.36952713,0.5364857,0.5761821,0.5761821,0.5761821
rq-module, 8, 1, 128, 0.47052902,0.47058213,0.5082734,0.50843626,0.50843626,0.47058213,0.3911267,0.06258027,0.06212916,0.062126502,0.3911267,0.6258027,0.62638646,0.62638646,0.58026856,0.3911267,0.58026856,0.6258027,0.62638646,0.62638646,0.475252,0.4753051,0.51181304,0.5119759,0.5119759,0.4753051,0.39929947,0.06258027,0.06212916,0.062126502,0.39929947,0.6258027,0.62638646,0.62638646,0.5814361,0.39929947,0.5814361,0.6258027,0.62638646,0.62638646,0.46677276,0.4668258,0.5054843,0.50564706,0.50564706,0.4668258,0.38412142,0.06258027,0.06212916,0.062126502,0.38412142,0.6258027,0.62638646,0.62638646,0.58026856,0.38412142,0.58026856,0.6258027,0.62638646,0.62638646
rq-module, 8, 1, 256, 0.47836897,0.47836897,0.51471525,0.51471525,0.51471525,0.47836897,0.4028021,0.062872164,0.06250509,0.06250509,0.4028021,0.62872154,0.62872154,0.62872154,0.5750146,0.4028021,0.5750146,0.62872154,0.62872154,0.62872154,0.48200458,0.48200458,0.5174418,0.5174418,0.5174418,0.48200458,0.40863982,0.062872164,0.06250509,0.06250509,0.40863982,0.62872154,0.62872154,0.62872154,0.5750146,0.40863982,0.5750146,0.62872154,0.62872154,0.62872154,0.47344726,0.47344726,0.511049,0.511049,0.511049,0.47344726,0.39404553,0.062872164,0.06250509,0.06250509,0.39404553,0.62872154,0.62872154,0.62872154,0.5750146,0.39404553,0.5750146,0.62872154,0.62872154,0.62872154
rq-module, 8, 1, 512, 0.49368298,0.49368298,0.53002167,0.53002167,0.53002167,0.49368298,0.41739637,0.06438997,0.06400323,0.06400323,0.41739637,0.6438996,0.6438996,0.6438996,0.5936953,0.41739637,0.5936953,0.6438996,0.6438996,0.6438996,0.49869275,0.49869275,0.53376406,0.53376406,0.53376406,0.49869275,0.42615294,0.06438997,0.06400323,0.06400323,0.42615294,0.6438996,0.6438996,0.6438996,0.59427905,0.42615294,0.59427905,0.6438996,0.6438996,0.6438996,0.49048916,0.49048916,0.52764136,0.52764136,0.52764136,0.49048916,0.41155866,0.06438997,0.06400323,0.06400323,0.41155866,0.6438996,0.6438996,0.6438996,0.5936953,0.41155866,0.5936953,0.6438996,0.6438996,0.6438996
rq-module, 16, 1, 128, 0.4667056,0.4667056,0.5037163,0.5037163,0.5037163,0.4667056,0.39346176,0.06205488,0.061910927,0.061910927,0.39346176,0.6205487,0.6205487,0.6205487,0.56392294,0.39346176,0.56392294,0.6205487,0.6205487,0.6205487,0.46827042,0.46827042,0.50488585,0.50488585,0.50488585,0.46827042,0.39638063,0.06205488,0.061910927,0.061910927,0.39638063,0.6205487,0.6205487,0.6205487,0.5645067,0.39638063,0.5645067,0.6205487,0.6205487,0.6205487,0.464629,0.464629,0.5021768,0.5021768,0.5021768,0.464629,0.38937536,0.06205488,0.061910927,0.061910927,0.38937536,0.6205487,0.6205487,0.6205487,0.5633392,0.38937536,0.5633392,0.6205487,0.6205487,0.6205487
rq-module, 16, 1, 256, 0.4545381,0.45459118,0.4929636,0.49312642,0.49312642,0.45459118,0.380035,0.06147111,0.06137204,0.06137204,0.380035,0.61471105,0.6152948,0.6152948,0.5545826,0.380035,0.5545826,0.61471105,0.6152948,0.6152948,0.45681554,0.45686862,0.49466065,0.4948235,0.4948235,0.45686862,0.38412142,0.06147111,0.06137204,0.06137204,0.38412142,0.61471105,0.6152948,0.6152948,0.5545826,0.38412142,0.5545826,0.61471105,0.6152948,0.6152948,0.4525783,0.45263138,0.4915002,0.491663,0.491663,0.45263138,0.3765324,0.06147111,0.06137204,0.06137204,0.3765324,0.61471105,0.6152948,0.6152948,0.5545826,0.3765324,0.5545826,0.61471105,0.6152948,0.6152948
rq-module, 16, 1, 512, 0.46169767,0.46169767,0.4994969,0.4994969,0.4994969,0.46169767,0.38353765,0.06182137,0.061587863,0.061587863,0.38353765,0.61821365,0.61821365,0.61821365,0.5645067,0.38353765,0.5645067,0.61821365,0.61821365,0.61821365,0.46461,0.46461,0.5016767,0.5016767,0.5016767,0.46461,0.3887916,0.06182137,0.061587863,0.061587863,0.3887916,0.61821365,0.61821365,0.61821365,0.5645067,0.3887916,0.5645067,0.61821365,0.61821365,0.61821365,0.4586523,0.4586523,0.49724033,0.49724033,0.49724033,0.4586523,0.37769994,0.06182137,0.061587863,0.061587863,0.37769994,0.61821365,0.61821365,0.61821365,0.5645067,0.37769994,0.5645067,0.61821365,0.61821365,0.61821365
rq-module, 24, 1, 128, 0.42484593,0.42484593,0.46238995,0.46238995,0.46238995,0.42484593,0.35143024,0.058143612,0.058064003,0.058064003,0.35143024,0.5814361,0.5814361,0.5814361,0.5172213,0.35143024,0.5172213,0.5814361,0.5814361,0.5814361,0.42545566,0.42545566,0.46284574,0.46284574,0.46284574,0.42545566,0.35259777,0.058143612,0.058064003,0.058064003,0.35259777,0.5814361,0.5814361,0.5814361,0.51780504,0.35259777,0.51780504,0.5814361,0.5814361,0.5814361,0.4233865,0.4233865,0.46131265,0.46131265,0.46131265,0.4233865,0.3485114,0.058143612,0.058064003,0.058064003,0.3485114,0.5814361,0.5814361,0.5814361,0.5172213,0.3485114,0.5172213,0.5814361,0.5814361,0.5814361
rq-module, 24, 1, 256, 0.42681965,0.42681965,0.4656666,0.4656666,0.4656666,0.42681965,0.35318154,0.058960892,0.05887686,0.05887686,0.35318154,0.58960885,0.58960885,0.58960885,0.5224752,0.35318154,0.5224752,0.58960885,0.58960885,0.58960885,0.4278065,0.4278065,0.46640274,0.46640274,0.46640274,0.4278065,0.35493287,0.058960892,0.05887686,0.05887686,0.35493287,0.58960885,0.58960885,0.58960885,0.5224752,0.35493287,0.5224752,0.58960885,0.58960885,0.58960885,0.4254478,0.42550084,0.4645161,0.46467897,0.46467897,0.42550084,0.35084647,0.058902517,0.05887686,0.05887686,0.35084647,0.5890251,0.58960885,0.58960885,0.5218914,0.35084647,0.5218914,0.5890251,0.58960885,0.58960885
rq-module, 24, 1, 512, 0.41968608,0.41968608,0.45804593,0.45804593,0.45804593,0.41968608,0.3479276,0.05808523,0.057968482,0.057968482,0.3479276,0.5808523,0.5808523,0.5808523,0.504962,0.3479276,0.504962,0.5808523,0.5808523,0.5808523,0.42148602,0.42148602,0.45937908,0.45937908,0.45937908,0.42148602,0.35143024,0.05808523,0.057968482,0.057968482,0.35143024,0.5808523,0.5808523,0.5808523,0.504962,0.35143024,0.504962,0.5808523,0.5808523,0.5808523,0.4186735,0.4186735,0.4572796,0.4572796,0.4572796,0.4186735,0.3461763,0.05808523,0.057968482,0.057968482,0.3461763,0.5808523,0.5808523,0.5808523,0.50437826,0.3461763,0.50437826,0.5808523,0.5808523,0.5808523
pq-rq, 4, 2, 256, 0.45791125,0.45806605,0.4929408,0.49342424,0.49342424,0.45806605,0.38645652,0.06024519,0.059000243,0.05899128,0.38645652,0.60245186,0.60420316,0.60420316,0.55983657,0.38645652,0.55983657,0.60245186,0.60420316,0.60420316,0.46419027,0.46434507,0.4976538,0.49813724,0.49813724,0.46434507,0.39754817,0.06024519,0.059000243,0.05899128,0.39754817,0.60245186,0.60420316,0.60420316,0.56158787,0.39754817,0.56158787,0.60245186,0.60420316,0.60420316,0.45183262,0.45198742,0.48841044,0.4888939,0.4888939,0.45198742,0.37536487,0.06024519,0.059000243,0.05899128,0.37536487,0.60245186,0.60420316,0.60420316,0.55983657,0.37536487,0.55983657,0.60245186,0.60420316,0.60420316
pq-rq, 2, 4, 256, 0.4572469,0.45741367,0.49359,0.49418566,0.49418566,0.45741367,0.3782837,0.060653828,0.05912531,0.059102073,0.3782837,0.60653824,0.6088733,0.6088733,0.55983657,0.3782837,0.55983657,0.60653824,0.6088733,0.6088733,0.4618455,0.46201226,0.4970384,0.49763405,0.49763405,0.46201226,0.38587275,0.060653828,0.05912531,0.059102073,0.38587275,0.60653824,0.6088733,0.6088733,0.5610041,0.38587275,0.5610041,0.60653824,0.6088733,0.6088733,0.4504362,0.450603,0.4885214,0.4891171,0.4891171,0.450603,0.36602452,0.060653828,0.05912531,0.059102073,0.36602452,0.60653824,0.6088733,0.6088733,0.55983657,0.36602452,0.55983657,0.60653824,0.6088733,0.6088733
pq-rq, 2, 8, 256, 0.46181536,0.46181536,0.49321222,0.49321222,0.49321222,0.46181536,0.3911267,0.059019268,0.058623448,0.058612745,0.3911267,0.5901926,0.5901926,0.5901926,0.5580852,0.3911267,0.5580852,0.5901926,0.5901926,0.5901926,0.46482593,0.46482593,0.4954492,0.4954492,0.4954492,0.46482593,0.3969644,0.059019268,0.058623448,0.058612745,0.3969644,0.5901926,0.5901926,0.5901926,0.55866903,0.3969644,0.55866903,0.5901926,0.5901926,0.5901926,0.46003485,0.46003485,0.49188012,0.49188012,0.49188012,0.46003485,0.38820782,0.059019268,0.058623448,0.058612745,0.38820782,0.5901926,0.5901926,0.5901926,0.5580852,0.38820782,0.5580852,0.5901926,0.5901926,0.5901926
pq-rq, 4, 4, 256, 0.46819976,0.4682484,0.5026268,0.50278455,0.50278455,0.4682484,0.39754817,0.061062466,0.060632203,0.060632203,0.39754817,0.6106246,0.6112084,0.6112084,0.5610041,0.39754817,0.5610041,0.6106246,0.6112084,0.6112084,0.46993157,0.46998024,0.503923,0.5040808,0.5040808,0.46998024,0.400467,0.061062466,0.060632203,0.060632203,0.400467,0.6106246,0.6112084,0.6112084,0.5610041,0.400467,0.5610041,0.6106246,0.6112084,0.6112084,0.46465406,0.46470273,0.4999703,0.50012803,0.50012803,0.46470273,0.39171046,0.061062466,0.060632203,0.060632203,0.39171046,0.6106246,0.6112084,0.6112084,0.5610041,0.39171046,0.5610041,0.6106246,0.6112084,0.6112084
pq-rq, 8, 2, 256, 0.4575992,0.4575992,0.49254537,0.49254537,0.49254537,0.4575992,0.37886748,0.060070056,0.059846956,0.059846956,0.37886748,0.6007005,0.6007005,0.6007005,0.55983657,0.37886748,0.55983657,0.6007005,0.6007005,0.6007005,0.46029913,0.46029913,0.4945487,0.4945487,0.4945487,0.46029913,0.38412142,0.060070056,0.059846956,0.059846956,0.38412142,0.6007005,0.6007005,0.6007005,0.55983657,0.38412142,0.55983657,0.6007005,0.6007005,0.6007005,0.45626554,0.45626554,0.49154302,0.49154302,0.49154302,0.45626554,0.3765324,0.060070056,0.059846956,0.059846956,0.3765324,0.6007005,0.6007005,0.6007005,0.5580852,0.3765324,0.5580852,0.6007005,0.6007005,0.6007005
pq-rq, 2, 12, 256, 0.4337371,0.4337371,0.46446967,0.46446967,0.46446967,0.4337371,0.3706947,0.056100413,0.055888392,0.055888392,0.3706947,0.5610041,0.5610041,0.5610041,0.5172213,0.3706947,0.5172213,0.5610041,0.5610041,0.5610041,0.43639743,0.43639743,0.46644,0.46644,0.46644,0.43639743,0.37594864,0.056100413,0.055888392,0.055888392,0.37594864,0.5610041,0.5610041,0.5610041,0.51780504,0.37594864,0.51780504,0.5610041,0.5610041,0.5610041,0.432709,0.432709,0.46369943,0.46369943,0.46369943,0.432709,0.36894336,0.056100413,0.055888392,0.055888392,0.36894336,0.5610041,0.5610041,0.5610041,0.5172213,0.36894336,0.5172213,0.5610041,0.5610041,0.5610041
pq-rq, 4, 6, 256, 0.45063934,0.45069242,0.48220262,0.48236543,0.48236543,0.45069242,0.38645652,0.058143612,0.057983756,0.057983756,0.38645652,0.5814361,0.58201987,0.58201987,0.53531814,0.38645652,0.53531814,0.5814361,0.58201987,0.58201987,0.45218545,0.4522385,0.48335707,0.48351994,0.48351994,0.4522385,0.38937536,0.058143612,0.057983756,0.057983756,0.38937536,0.5814361,0.58201987,0.58201987,0.5359019,0.38937536,0.5359019,0.5814361,0.58201987,0.58201987,0.44908264,0.44913572,0.48104888,0.48121172,0.48121172,0.44913572,0.38353765,0.058143612,0.057983756,0.057983756,0.38353765,0.5814361,0.58201987,0.58201987,0.53531814,0.38353765,0.53531814,0.5814361,0.58201987,0.58201987
pq-rq, 6, 4, 256, 0.4495626,0.4495626,0.4826261,0.4826261,0.4826261,0.4495626,0.38120258,0.05861063,0.058477957,0.058477957,0.38120258,0.58610624,0.58610624,0.58610624,0.5423234,0.38120258,0.5423234,0.58610624,0.58610624,0.58610624,0.45243284,0.45243284,0.48476303,0.48476303,0.48476303,0.45243284,0.38645652,0.05861063,0.058477957,0.058477957,0.38645652,0.58610624,0.58610624,0.58610624,0.5423234,0.38645652,0.5423234,0.58610624,0.58610624,0.58610624,0.4489302,0.4489302,0.48215476,0.48215476,0.48215476,0.4489302,0.380035,0.05861063,0.058477957,0.058477957,0.380035,0.58610624,0.58610624,0.58610624,0.5423234,0.380035,0.5423234,0.58610624,0.58610624,0.58610624
pq-rq, 12, 2, 256, 0.4506836,0.4506836,0.4837825,0.4837825,0.4837825,0.4506836,0.3806188,0.058727384,0.058606207,0.058606207,0.3806188,0.5872738,0.5872738,0.5872738,0.54349095,0.3806188,0.54349095,0.5872738,0.5872738,0.5872738,0.45214954,0.45214954,0.48488513,0.48488513,0.48488513,0.45214954,0.38295388,0.058727384,0.058606207,0.058606207,0.38295388,0.5872738,0.5872738,0.5872738,0.54349095,0.38295388,0.54349095,0.5872738,0.5872738,0.5872738,0.44974542,0.44974542,0.48307934,0.48307934,0.48307934,0.44974542,0.37886748,0.058727384,0.058606207,0.058606207,0.37886748,0.5872738,0.5872738,0.5872738,0.5429072,0.37886748,0.5429072,0.5872738,0.5872738,0.5872738
